"SiteUrl","ListName","ListUrl","ItemCount"
"https://7vhr6d.sharepoint.com/","Access Requests","/Access Requests","1"
"https://7vhr6d.sharepoint.com/","appdata","/_catalogs/appdata","0"
"https://7vhr6d.sharepoint.com/","appfiles","/_catalogs/appfiles","0"
"https://7vhr6d.sharepoint.com/","Branding files","/Branding files","5"
"https://7vhr6d.sharepoint.com/","Composed Looks","/_catalogs/design","18"
"https://7vhr6d.sharepoint.com/","Converted Forms","/IWConvertedForms","0"
"https://7vhr6d.sharepoint.com/","CSPViolationReportList","/Lists/CSPViolationReportList","1"
"https://7vhr6d.sharepoint.com/","Documents","/Shared Documents","0"
"https://7vhr6d.sharepoint.com/","Events","/Lists/Events","0"
"https://7vhr6d.sharepoint.com/","Form Templates","/FormServerTemplates","0"
"https://7vhr6d.sharepoint.com/","GoF---Yourself","/Lists/GoFYourself","0"
"https://7vhr6d.sharepoint.com/","Joe Test List","/Lists/Joe Test List","5"
"https://7vhr6d.sharepoint.com/","Linux Applications","/Lists/Linux Applications","33"
"https://7vhr6d.sharepoint.com/","List Template Gallery","/_catalogs/lt","0"
"https://7vhr6d.sharepoint.com/","Master Page Gallery","/_catalogs/masterpage","175"
"https://7vhr6d.sharepoint.com/","Model List","/Lists/Model List","100"
"https://7vhr6d.sharepoint.com/","Musical Questions","/Lists/Musical Questions","0"
"https://7vhr6d.sharepoint.com/","my test list","/Lists/my test list","2"
"https://7vhr6d.sharepoint.com/","SharePointHomeOrgLinks","/Lists/SharePointHomeOrgLinks","0"
"https://7vhr6d.sharepoint.com/","Site Assets","/SiteAssets","54"
"https://7vhr6d.sharepoint.com/","Site Pages","/SitePages","5"
"https://7vhr6d.sharepoint.com/","SkylerTestList","/Lists/SkylerTestList","3"
"https://7vhr6d.sharepoint.com/","Solution Gallery","/_catalogs/solutions","0"
"https://7vhr6d.sharepoint.com/","SPO Web Parts FAQ","/Lists/SPO Web Parts FAQ","6"
"https://7vhr6d.sharepoint.com/","Style Library","/Style Library","0"
"https://7vhr6d.sharepoint.com/","TaxonomyHiddenList","/Lists/TaxonomyHiddenList","11"
"https://7vhr6d.sharepoint.com/","test FAQ 2","/Lists/test FAQ 2","0"
"https://7vhr6d.sharepoint.com/","test list 001","/Lists/test list 001","0"
"https://7vhr6d.sharepoint.com/","Theme Gallery","/_catalogs/theme","45"
"https://7vhr6d.sharepoint.com/","User Information List","/_catalogs/users","21"
"https://7vhr6d.sharepoint.com/","Web Part Gallery","/_catalogs/wp","7"
"https://7vhr6d.sharepoint.com/","Web Template Extensions","/_catalogs/wte","34"
"https://7vhr6d.sharepoint.com/","WhyOhWhy","/Lists/WhyOhWhy","7"
"https://7vhr6d.sharepoint.com/search","appdata","/search/_catalogs/appdata","0"
"https://7vhr6d.sharepoint.com/search","appfiles","/search/_catalogs/appfiles","0"
"https://7vhr6d.sharepoint.com/search","Composed Looks","/search/_catalogs/design","18"
"https://7vhr6d.sharepoint.com/search","Content type publishing error log","/search/Lists/ContentTypeSyncLog","0"
"https://7vhr6d.sharepoint.com/search","Converted Forms","/search/IWConvertedForms","0"
"https://7vhr6d.sharepoint.com/search","Form Templates","/search/FormServerTemplates","0"
"https://7vhr6d.sharepoint.com/search","List Template Gallery","/search/_catalogs/lt","0"
"https://7vhr6d.sharepoint.com/search","Master Page Gallery","/search/_catalogs/masterpage","175"
"https://7vhr6d.sharepoint.com/search","Solution Gallery","/search/_catalogs/solutions","0"
"https://7vhr6d.sharepoint.com/search","Style Library","/search/Style Library","5"
"https://7vhr6d.sharepoint.com/search","Tabs in Search Pages","/search/SearchCenter","0"
"https://7vhr6d.sharepoint.com/search","Tabs in Search Results","/search/SearchResults","0"
"https://7vhr6d.sharepoint.com/search","TaxonomyHiddenList","/search/Lists/TaxonomyHiddenList","0"
"https://7vhr6d.sharepoint.com/search","Theme Gallery","/search/_catalogs/theme","41"
"https://7vhr6d.sharepoint.com/search","User Information List","/search/_catalogs/users","10"
"https://7vhr6d.sharepoint.com/search","Web Part Gallery","/search/_catalogs/wp","9"
"https://7vhr6d.sharepoint.com/sites/allcompany","appdata","/sites/allcompany/_catalogs/appdata","0"
"https://7vhr6d.sharepoint.com/sites/allcompany","appfiles","/sites/allcompany/_catalogs/appfiles","0"
"https://7vhr6d.sharepoint.com/sites/allcompany","Composed Looks","/sites/allcompany/_catalogs/design","18"
"https://7vhr6d.sharepoint.com/sites/allcompany","Converted Forms","/sites/allcompany/IWConvertedForms","0"
"https://7vhr6d.sharepoint.com/sites/allcompany","Documents","/sites/allcompany/Shared Documents","0"
"https://7vhr6d.sharepoint.com/sites/allcompany","Form Templates","/sites/allcompany/FormServerTemplates","0"
"https://7vhr6d.sharepoint.com/sites/allcompany","List Template Gallery","/sites/allcompany/_catalogs/lt","0"
"https://7vhr6d.sharepoint.com/sites/allcompany","Master Page Gallery","/sites/allcompany/_catalogs/masterpage","175"
"https://7vhr6d.sharepoint.com/sites/allcompany","Site Pages","/sites/allcompany/SitePages","1"
"https://7vhr6d.sharepoint.com/sites/allcompany","Solution Gallery","/sites/allcompany/_catalogs/solutions","0"
"https://7vhr6d.sharepoint.com/sites/allcompany","Style Library","/sites/allcompany/Style Library","0"
"https://7vhr6d.sharepoint.com/sites/allcompany","TaxonomyHiddenList","/sites/allcompany/Lists/TaxonomyHiddenList","0"
"https://7vhr6d.sharepoint.com/sites/allcompany","Theme Gallery","/sites/allcompany/_catalogs/theme","41"
"https://7vhr6d.sharepoint.com/sites/allcompany","User Information List","/sites/allcompany/_catalogs/users","11"
"https://7vhr6d.sharepoint.com/sites/allcompany","Web Part Gallery","/sites/allcompany/_catalogs/wp","23"
"https://7vhr6d.sharepoint.com/sites/Analytics","AAD Request Tracking","/sites/Analytics/Lists/AAD Request Tracking","80"
"https://7vhr6d.sharepoint.com/sites/Analytics","Access Restricted Data Form","/sites/Analytics/Lists/Access Restricted Data Form","10"
"https://7vhr6d.sharepoint.com/sites/Analytics","Access Tool Form","/sites/Analytics/Lists/Access Tool Form","100"
"https://7vhr6d.sharepoint.com/sites/Analytics","appdata","/sites/Analytics/_catalogs/appdata","0"
"https://7vhr6d.sharepoint.com/sites/Analytics","appfiles","/sites/Analytics/_catalogs/appfiles","0"
"https://7vhr6d.sharepoint.com/sites/Analytics","Composed Looks","/sites/Analytics/_catalogs/design","18"
"https://7vhr6d.sharepoint.com/sites/Analytics","Contacts","/sites/Analytics/Lists/Contacts","59"
"https://7vhr6d.sharepoint.com/sites/Analytics","DataAccessQuestions","/sites/Analytics/Lists/DataAccessQuestions","1"
"https://7vhr6d.sharepoint.com/sites/Analytics","DataAccessRequestApprovals","/sites/Analytics/Lists/DataAccessRequestApprovals","8"
"https://7vhr6d.sharepoint.com/sites/Analytics","DataAccessRequests","/sites/Analytics/Lists/DataAccessRequests","4"
"https://7vhr6d.sharepoint.com/sites/Analytics","DataAccessRequestTrainings","/sites/Analytics/Lists/DataAccessRequestTrainings","5"
"https://7vhr6d.sharepoint.com/sites/Analytics","DataAccessTypes","/sites/Analytics/Lists/DataAccessTypes","1"
"https://7vhr6d.sharepoint.com/sites/Analytics","DataSets","/sites/Analytics/Lists/DataSets","11"
"https://7vhr6d.sharepoint.com/sites/Analytics","DataSources","/sites/Analytics/Lists/DataSources","18"
"https://7vhr6d.sharepoint.com/sites/Analytics","DataTypes","/sites/Analytics/Lists/DataTypes","1"
"https://7vhr6d.sharepoint.com/sites/Analytics","Documents","/sites/Analytics/Shared Documents","0"
"https://7vhr6d.sharepoint.com/sites/Analytics","Entities","/sites/Analytics/Lists/Entities","10"
"https://7vhr6d.sharepoint.com/sites/Analytics","Extract Inventory","/sites/Analytics/Lists/Extract Inventory","0"
"https://7vhr6d.sharepoint.com/sites/Analytics","Featured Links","/sites/Analytics/Lists/Featured Links","3"
"https://7vhr6d.sharepoint.com/sites/Analytics","Form Permissions","/sites/Analytics/Lists/Form Permissions","2"
"https://7vhr6d.sharepoint.com/sites/Analytics","Form Templates","/sites/Analytics/FormServerTemplates","0"
"https://7vhr6d.sharepoint.com/sites/Analytics","Intake Form","/sites/Analytics/Lists/Intake Form","100"
"https://7vhr6d.sharepoint.com/sites/Analytics","KeyContacts","/sites/Analytics/Lists/KeyContacts","7"
"https://7vhr6d.sharepoint.com/sites/Analytics","List Template Gallery","/sites/Analytics/_catalogs/lt","0"
"https://7vhr6d.sharepoint.com/sites/Analytics","Login to","/sites/Analytics/Lists/Login to","5"
"https://7vhr6d.sharepoint.com/sites/Analytics","Master Page Gallery","/sites/Analytics/_catalogs/masterpage","175"
"https://7vhr6d.sharepoint.com/sites/Analytics","MenuLinksSubSite","/sites/Analytics/Lists/MenuLinksSubSite","0"
"https://7vhr6d.sharepoint.com/sites/Analytics","PA Contacts","/sites/Analytics/Lists/PA Contacts","2"
"https://7vhr6d.sharepoint.com/sites/Analytics","Rehab Therapy Request Tracking","/sites/Analytics/Lists/Rehab Therapy Request Tracking","4"
"https://7vhr6d.sharepoint.com/sites/Analytics","Rehab Therapy: CPT Codes","/sites/Analytics/Lists/Rehab Therapy CPT Codes","0"
"https://7vhr6d.sharepoint.com/sites/Analytics","Restricted Data Admins","/sites/Analytics/Lists/Restricted Data Admins","7"
"https://7vhr6d.sharepoint.com/sites/Analytics","Restricted Data Sets","/sites/Analytics/Lists/Restricted Data Sets","3"
"https://7vhr6d.sharepoint.com/sites/Analytics","Roles","/sites/Analytics/Lists/Roles","3"
"https://7vhr6d.sharepoint.com/sites/Analytics","Services","/sites/Analytics/Lists/Services","31"
"https://7vhr6d.sharepoint.com/sites/Analytics","Site Assets","/sites/Analytics/SiteAssets","1"
"https://7vhr6d.sharepoint.com/sites/Analytics","Site Pages","/sites/Analytics/SitePages","1"
"https://7vhr6d.sharepoint.com/sites/Analytics","SlicerDicerKeyContacts","/sites/Analytics/Lists/SlicerDicerKeyContacts","4"
"https://7vhr6d.sharepoint.com/sites/Analytics","Solution Gallery","/sites/Analytics/_catalogs/solutions","0"
"https://7vhr6d.sharepoint.com/sites/Analytics","Style Library","/sites/Analytics/Style Library","0"
"https://7vhr6d.sharepoint.com/sites/Analytics","Support Questions","/sites/Analytics/Lists/Support Questions","100"
"https://7vhr6d.sharepoint.com/sites/Analytics","TaxonomyHiddenList","/sites/Analytics/Lists/TaxonomyHiddenList","0"
"https://7vhr6d.sharepoint.com/sites/Analytics","Test for Rehab Therapy","/sites/Analytics/Lists/Test for Rehab Therapy","1"
"https://7vhr6d.sharepoint.com/sites/Analytics","Test List Search feature","/sites/Analytics/Lists/Test List Search feature","2"
"https://7vhr6d.sharepoint.com/sites/Analytics","TEST_IntakeFrom","/sites/Analytics/Lists/TEST_IntakeFrom","8"
"https://7vhr6d.sharepoint.com/sites/Analytics","Theme Gallery","/sites/Analytics/_catalogs/theme","41"
"https://7vhr6d.sharepoint.com/sites/Analytics","Tool Admin","/sites/Analytics/Lists/Tool Admin","14"
"https://7vhr6d.sharepoint.com/sites/Analytics","ToolDataSet","/sites/Analytics/Lists/ToolDataSet","16"
"https://7vhr6d.sharepoint.com/sites/Analytics","ToolDataSetRoleRequirements","/sites/Analytics/Lists/ToolDataSetRoleRequirements","0"
"https://7vhr6d.sharepoint.com/sites/Analytics","ToolRole","/sites/Analytics/Lists/ToolRole","0"
"https://7vhr6d.sharepoint.com/sites/Analytics","Tools","/sites/Analytics/Lists/Tools","8"
"https://7vhr6d.sharepoint.com/sites/Analytics","Tools Inventory","/sites/Analytics/Lists/Tools Inventory","8"
"https://7vhr6d.sharepoint.com/sites/Analytics","Trainings","/sites/Analytics/Lists/Trainings","6"
"https://7vhr6d.sharepoint.com/sites/Analytics","User Information List","/sites/Analytics/_catalogs/users","13"
"https://7vhr6d.sharepoint.com/sites/Analytics","UserCustomFields","/sites/Analytics/Lists/UserCustomFields","56"
"https://7vhr6d.sharepoint.com/sites/Analytics","UserDataAccessSummary","/sites/Analytics/Lists/UserDataAccessSummary","0"
"https://7vhr6d.sharepoint.com/sites/Analytics","Users","/sites/Analytics/Lists/Users","100"
"https://7vhr6d.sharepoint.com/sites/Analytics","UserTrainingSummary","/sites/Analytics/Lists/UserTrainingSummary","0"
"https://7vhr6d.sharepoint.com/sites/Analytics","Web Part Gallery","/sites/Analytics/_catalogs/wp","23"
"https://7vhr6d.sharepoint.com/sites/Analytics","WebpartProperty","/sites/Analytics/Lists/WebpartProperty","9"
"https://7vhr6d.sharepoint.com/sites/appcatalog","App Requests","/sites/appcatalog/AppRequests","0"
"https://7vhr6d.sharepoint.com/sites/appcatalog","appdata","/sites/appcatalog/_catalogs/appdata","0"
"https://7vhr6d.sharepoint.com/sites/appcatalog","appfiles","/sites/appcatalog/_catalogs/appfiles","0"
"https://7vhr6d.sharepoint.com/sites/appcatalog","Apps for Office","/sites/appcatalog/AgaveCatalog","0"
"https://7vhr6d.sharepoint.com/sites/appcatalog","Apps for SharePoint","/sites/appcatalog/AppCatalog","1"
"https://7vhr6d.sharepoint.com/sites/appcatalog","Client Side Assets","/sites/appcatalog/ClientSideAssets","12"
"https://7vhr6d.sharepoint.com/sites/appcatalog","Client Side Component Manifests","/sites/appcatalog/Lists/ComponentManifests","1"
"https://7vhr6d.sharepoint.com/sites/appcatalog","Composed Looks","/sites/appcatalog/_catalogs/design","18"
"https://7vhr6d.sharepoint.com/sites/appcatalog","Content type publishing error log","/sites/appcatalog/Lists/ContentTypeSyncLog","0"
"https://7vhr6d.sharepoint.com/sites/appcatalog","Converted Forms","/sites/appcatalog/IWConvertedForms","0"
"https://7vhr6d.sharepoint.com/sites/appcatalog","Form Templates","/sites/appcatalog/FormServerTemplates","0"
"https://7vhr6d.sharepoint.com/sites/appcatalog","List Template Gallery","/sites/appcatalog/_catalogs/lt","0"
"https://7vhr6d.sharepoint.com/sites/appcatalog","Master Page Gallery","/sites/appcatalog/_catalogs/masterpage","175"
"https://7vhr6d.sharepoint.com/sites/appcatalog","Site Assets","/sites/appcatalog/SiteAssets","0"
"https://7vhr6d.sharepoint.com/sites/appcatalog","Site Collection App Catalogs","/sites/appcatalog/Lists/SiteCollectionAppCatalogs","0"
"https://7vhr6d.sharepoint.com/sites/appcatalog","Site Pages","/sites/appcatalog/SitePages","2"
"https://7vhr6d.sharepoint.com/sites/appcatalog","Solution Gallery","/sites/appcatalog/_catalogs/solutions","0"
"https://7vhr6d.sharepoint.com/sites/appcatalog","Style Library","/sites/appcatalog/Style Library","5"
"https://7vhr6d.sharepoint.com/sites/appcatalog","TaxonomyHiddenList","/sites/appcatalog/Lists/TaxonomyHiddenList","0"
"https://7vhr6d.sharepoint.com/sites/appcatalog","Tenant Wide Extensions","/sites/appcatalog/Lists/TenantWideExtensions","0"
"https://7vhr6d.sharepoint.com/sites/appcatalog","Theme Gallery","/sites/appcatalog/_catalogs/theme","41"
"https://7vhr6d.sharepoint.com/sites/appcatalog","User Information List","/sites/appcatalog/_catalogs/users","13"
"https://7vhr6d.sharepoint.com/sites/appcatalog","Web Api Permission Requests","/sites/appcatalog/Lists/WebApiPermissionRequests","0"
"https://7vhr6d.sharepoint.com/sites/appcatalog","Web Part Gallery","/sites/appcatalog/_catalogs/wp","26"
"https://7vhr6d.sharepoint.com/sites/devops","appdata","/sites/devops/_catalogs/appdata","0"
"https://7vhr6d.sharepoint.com/sites/devops","appfiles","/sites/devops/_catalogs/appfiles","0"
"https://7vhr6d.sharepoint.com/sites/devops","Composed Looks","/sites/devops/_catalogs/design","18"
"https://7vhr6d.sharepoint.com/sites/devops","Contacts","/sites/devops/Lists/Contacts","0"
"https://7vhr6d.sharepoint.com/sites/devops","Documents","/sites/devops/Shared Documents","0"
"https://7vhr6d.sharepoint.com/sites/devops","FAQ","/sites/devops/Lists/FAQ","4"
"https://7vhr6d.sharepoint.com/sites/devops","Featured Links","/sites/devops/Lists/Featured Links","5"
"https://7vhr6d.sharepoint.com/sites/devops","Form Templates","/sites/devops/FormServerTemplates","0"
"https://7vhr6d.sharepoint.com/sites/devops","KeyContacts","/sites/devops/Lists/KeyContacts","3"
"https://7vhr6d.sharepoint.com/sites/devops","List Template Gallery","/sites/devops/_catalogs/lt","0"
"https://7vhr6d.sharepoint.com/sites/devops","Master Page Gallery","/sites/devops/_catalogs/masterpage","175"
"https://7vhr6d.sharepoint.com/sites/devops","OnCallFAQ","/sites/devops/Lists/OnCallFAQ","7"
"https://7vhr6d.sharepoint.com/sites/devops","SecondaryMenu","/sites/devops/Lists/SecondaryMenu","2"
"https://7vhr6d.sharepoint.com/sites/devops","Services","/sites/devops/Lists/Services","3"
"https://7vhr6d.sharepoint.com/sites/devops","Site Assets","/sites/devops/SiteAssets","1"
"https://7vhr6d.sharepoint.com/sites/devops","Site Pages","/sites/devops/SitePages","5"
"https://7vhr6d.sharepoint.com/sites/devops","Solution Gallery","/sites/devops/_catalogs/solutions","0"
"https://7vhr6d.sharepoint.com/sites/devops","Style Library","/sites/devops/Style Library","0"
"https://7vhr6d.sharepoint.com/sites/devops","TaxonomyHiddenList","/sites/devops/Lists/TaxonomyHiddenList","0"
"https://7vhr6d.sharepoint.com/sites/devops","Theme Gallery","/sites/devops/_catalogs/theme","41"
"https://7vhr6d.sharepoint.com/sites/devops","User Information List","/sites/devops/_catalogs/users","13"
"https://7vhr6d.sharepoint.com/sites/devops","Web Part Gallery","/sites/devops/_catalogs/wp","23"
"https://7vhr6d.sharepoint.com/sites/devops","WebpartProperty","/sites/devops/Lists/WebpartProperty","10"
"https://7vhr6d.sharepoint.com/sites/DigitalInitiativePublicRelations","appdata","/sites/DigitalInitiativePublicRelations/_catalogs/appdata","0"
"https://7vhr6d.sharepoint.com/sites/DigitalInitiativePublicRelations","appfiles","/sites/DigitalInitiativePublicRelations/_catalogs/appfiles","0"
"https://7vhr6d.sharepoint.com/sites/DigitalInitiativePublicRelations","Composed Looks","/sites/DigitalInitiativePublicRelations/_catalogs/design","18"
"https://7vhr6d.sharepoint.com/sites/DigitalInitiativePublicRelations","Converted Forms","/sites/DigitalInitiativePublicRelations/IWConvertedForms","0"
"https://7vhr6d.sharepoint.com/sites/DigitalInitiativePublicRelations","Documents","/sites/DigitalInitiativePublicRelations/Shared Documents","0"
"https://7vhr6d.sharepoint.com/sites/DigitalInitiativePublicRelations","Form Templates","/sites/DigitalInitiativePublicRelations/FormServerTemplates","0"
"https://7vhr6d.sharepoint.com/sites/DigitalInitiativePublicRelations","List Template Gallery","/sites/DigitalInitiativePublicRelations/_catalogs/lt","0"
"https://7vhr6d.sharepoint.com/sites/DigitalInitiativePublicRelations","Master Page Gallery","/sites/DigitalInitiativePublicRelations/_catalogs/masterpage","175"
"https://7vhr6d.sharepoint.com/sites/DigitalInitiativePublicRelations","Site Assets","/sites/DigitalInitiativePublicRelations/SiteAssets","1"
"https://7vhr6d.sharepoint.com/sites/DigitalInitiativePublicRelations","Site Pages","/sites/DigitalInitiativePublicRelations/SitePages","1"
"https://7vhr6d.sharepoint.com/sites/DigitalInitiativePublicRelations","Solution Gallery","/sites/DigitalInitiativePublicRelations/_catalogs/solutions","0"
"https://7vhr6d.sharepoint.com/sites/DigitalInitiativePublicRelations","Style Library","/sites/DigitalInitiativePublicRelations/Style Library","0"
"https://7vhr6d.sharepoint.com/sites/DigitalInitiativePublicRelations","TaxonomyHiddenList","/sites/DigitalInitiativePublicRelations/Lists/TaxonomyHiddenList","0"
"https://7vhr6d.sharepoint.com/sites/DigitalInitiativePublicRelations","Theme Gallery","/sites/DigitalInitiativePublicRelations/_catalogs/theme","41"
"https://7vhr6d.sharepoint.com/sites/DigitalInitiativePublicRelations","User Information List","/sites/DigitalInitiativePublicRelations/_catalogs/users","11"
"https://7vhr6d.sharepoint.com/sites/DigitalInitiativePublicRelations","Web Part Gallery","/sites/DigitalInitiativePublicRelations/_catalogs/wp","23"
"https://7vhr6d.sharepoint.com/sites/Mark8ProjectTeam","appdata","/sites/Mark8ProjectTeam/_catalogs/appdata","0"
"https://7vhr6d.sharepoint.com/sites/Mark8ProjectTeam","appfiles","/sites/Mark8ProjectTeam/_catalogs/appfiles","0"
"https://7vhr6d.sharepoint.com/sites/Mark8ProjectTeam","Composed Looks","/sites/Mark8ProjectTeam/_catalogs/design","18"
"https://7vhr6d.sharepoint.com/sites/Mark8ProjectTeam","Converted Forms","/sites/Mark8ProjectTeam/IWConvertedForms","0"
"https://7vhr6d.sharepoint.com/sites/Mark8ProjectTeam","Documents","/sites/Mark8ProjectTeam/Shared Documents","9"
"https://7vhr6d.sharepoint.com/sites/Mark8ProjectTeam","Form Templates","/sites/Mark8ProjectTeam/FormServerTemplates","0"
"https://7vhr6d.sharepoint.com/sites/Mark8ProjectTeam","List Template Gallery","/sites/Mark8ProjectTeam/_catalogs/lt","0"
"https://7vhr6d.sharepoint.com/sites/Mark8ProjectTeam","Master Page Gallery","/sites/Mark8ProjectTeam/_catalogs/masterpage","175"
"https://7vhr6d.sharepoint.com/sites/Mark8ProjectTeam","Site Pages","/sites/Mark8ProjectTeam/SitePages","1"
"https://7vhr6d.sharepoint.com/sites/Mark8ProjectTeam","Solution Gallery","/sites/Mark8ProjectTeam/_catalogs/solutions","0"
"https://7vhr6d.sharepoint.com/sites/Mark8ProjectTeam","Style Library","/sites/Mark8ProjectTeam/Style Library","0"
"https://7vhr6d.sharepoint.com/sites/Mark8ProjectTeam","TaxonomyHiddenList","/sites/Mark8ProjectTeam/Lists/TaxonomyHiddenList","0"
"https://7vhr6d.sharepoint.com/sites/Mark8ProjectTeam","Theme Gallery","/sites/Mark8ProjectTeam/_catalogs/theme","41"
"https://7vhr6d.sharepoint.com/sites/Mark8ProjectTeam","User Information List","/sites/Mark8ProjectTeam/_catalogs/users","12"
"https://7vhr6d.sharepoint.com/sites/Mark8ProjectTeam","Web Part Gallery","/sites/Mark8ProjectTeam/_catalogs/wp","23"
"https://7vhr6d.sharepoint.com/sites/Retail","appdata","/sites/Retail/_catalogs/appdata","0"
"https://7vhr6d.sharepoint.com/sites/Retail","appfiles","/sites/Retail/_catalogs/appfiles","0"
"https://7vhr6d.sharepoint.com/sites/Retail","Composed Looks","/sites/Retail/_catalogs/design","18"
"https://7vhr6d.sharepoint.com/sites/Retail","Converted Forms","/sites/Retail/IWConvertedForms","0"
"https://7vhr6d.sharepoint.com/sites/Retail","Documents","/sites/Retail/Shared Documents","0"
"https://7vhr6d.sharepoint.com/sites/Retail","Form Templates","/sites/Retail/FormServerTemplates","0"
"https://7vhr6d.sharepoint.com/sites/Retail","List Template Gallery","/sites/Retail/_catalogs/lt","0"
"https://7vhr6d.sharepoint.com/sites/Retail","Master Page Gallery","/sites/Retail/_catalogs/masterpage","175"
"https://7vhr6d.sharepoint.com/sites/Retail","Site Pages","/sites/Retail/SitePages","1"
"https://7vhr6d.sharepoint.com/sites/Retail","Solution Gallery","/sites/Retail/_catalogs/solutions","0"
"https://7vhr6d.sharepoint.com/sites/Retail","Style Library","/sites/Retail/Style Library","0"
"https://7vhr6d.sharepoint.com/sites/Retail","TaxonomyHiddenList","/sites/Retail/Lists/TaxonomyHiddenList","0"
"https://7vhr6d.sharepoint.com/sites/Retail","Theme Gallery","/sites/Retail/_catalogs/theme","41"
"https://7vhr6d.sharepoint.com/sites/Retail","User Information List","/sites/Retail/_catalogs/users","11"
"https://7vhr6d.sharepoint.com/sites/Retail","Web Part Gallery","/sites/Retail/_catalogs/wp","23"
"https://7vhr6d.sharepoint.com/sites/SalesandMarketing","appdata","/sites/SalesandMarketing/_catalogs/appdata","0"
"https://7vhr6d.sharepoint.com/sites/SalesandMarketing","appfiles","/sites/SalesandMarketing/_catalogs/appfiles","0"
"https://7vhr6d.sharepoint.com/sites/SalesandMarketing","Composed Looks","/sites/SalesandMarketing/_catalogs/design","18"
"https://7vhr6d.sharepoint.com/sites/SalesandMarketing","Converted Forms","/sites/SalesandMarketing/IWConvertedForms","0"
"https://7vhr6d.sharepoint.com/sites/SalesandMarketing","Documents","/sites/SalesandMarketing/Shared Documents","0"
"https://7vhr6d.sharepoint.com/sites/SalesandMarketing","Form Templates","/sites/SalesandMarketing/FormServerTemplates","0"
"https://7vhr6d.sharepoint.com/sites/SalesandMarketing","List Template Gallery","/sites/SalesandMarketing/_catalogs/lt","0"
"https://7vhr6d.sharepoint.com/sites/SalesandMarketing","Master Page Gallery","/sites/SalesandMarketing/_catalogs/masterpage","175"
"https://7vhr6d.sharepoint.com/sites/SalesandMarketing","Site Pages","/sites/SalesandMarketing/SitePages","1"
"https://7vhr6d.sharepoint.com/sites/SalesandMarketing","Solution Gallery","/sites/SalesandMarketing/_catalogs/solutions","0"
"https://7vhr6d.sharepoint.com/sites/SalesandMarketing","Style Library","/sites/SalesandMarketing/Style Library","0"
"https://7vhr6d.sharepoint.com/sites/SalesandMarketing","TaxonomyHiddenList","/sites/SalesandMarketing/Lists/TaxonomyHiddenList","0"
"https://7vhr6d.sharepoint.com/sites/SalesandMarketing","Theme Gallery","/sites/SalesandMarketing/_catalogs/theme","41"
"https://7vhr6d.sharepoint.com/sites/SalesandMarketing","User Information List","/sites/SalesandMarketing/_catalogs/users","11"
"https://7vhr6d.sharepoint.com/sites/SalesandMarketing","Web Part Gallery","/sites/SalesandMarketing/_catalogs/wp","23"
"https://7vhr6d.sharepoint.com/sites/SoftwareSolutions663cfc3cccb846da99b4a9e046d02083","ADO User Mapping","/sites/SoftwareSolutions663cfc3cccb846da99b4a9e046d02083/Lists/ADO User Mapping","14"
"https://7vhr6d.sharepoint.com/sites/SoftwareSolutions663cfc3cccb846da99b4a9e046d02083","Announcements","/sites/SoftwareSolutions663cfc3cccb846da99b4a9e046d02083/Lists/Announcements","0"
"https://7vhr6d.sharepoint.com/sites/SoftwareSolutions663cfc3cccb846da99b4a9e046d02083","appdata","/sites/SoftwareSolutions663cfc3cccb846da99b4a9e046d02083/_catalogs/appdata","0"
"https://7vhr6d.sharepoint.com/sites/SoftwareSolutions663cfc3cccb846da99b4a9e046d02083","appfiles","/sites/SoftwareSolutions663cfc3cccb846da99b4a9e046d02083/_catalogs/appfiles","0"
"https://7vhr6d.sharepoint.com/sites/SoftwareSolutions663cfc3cccb846da99b4a9e046d02083","Apps that need AWS","/sites/SoftwareSolutions663cfc3cccb846da99b4a9e046d02083/Lists/Apps that need AWS","7"
"https://7vhr6d.sharepoint.com/sites/SoftwareSolutions663cfc3cccb846da99b4a9e046d02083","Composed Looks","/sites/SoftwareSolutions663cfc3cccb846da99b4a9e046d02083/_catalogs/design","18"
"https://7vhr6d.sharepoint.com/sites/SoftwareSolutions663cfc3cccb846da99b4a9e046d02083","Contacts","/sites/SoftwareSolutions663cfc3cccb846da99b4a9e046d02083/Lists/Contacts","0"
"https://7vhr6d.sharepoint.com/sites/SoftwareSolutions663cfc3cccb846da99b4a9e046d02083","Documents","/sites/SoftwareSolutions663cfc3cccb846da99b4a9e046d02083/Shared Documents","0"
"https://7vhr6d.sharepoint.com/sites/SoftwareSolutions663cfc3cccb846da99b4a9e046d02083","FAQ","/sites/SoftwareSolutions663cfc3cccb846da99b4a9e046d02083/Lists/FAQ","15"
"https://7vhr6d.sharepoint.com/sites/SoftwareSolutions663cfc3cccb846da99b4a9e046d02083","FAQDEMO","/sites/SoftwareSolutions663cfc3cccb846da99b4a9e046d02083/Lists/FAQDEMO","23"
"https://7vhr6d.sharepoint.com/sites/SoftwareSolutions663cfc3cccb846da99b4a9e046d02083","FAQEpicGoLiveValidation","/sites/SoftwareSolutions663cfc3cccb846da99b4a9e046d02083/Lists/FAQEpicGoLiveValidation","17"
"https://7vhr6d.sharepoint.com/sites/SoftwareSolutions663cfc3cccb846da99b4a9e046d02083","Featured Links","/sites/SoftwareSolutions663cfc3cccb846da99b4a9e046d02083/Lists/Featured Links","5"
"https://7vhr6d.sharepoint.com/sites/SoftwareSolutions663cfc3cccb846da99b4a9e046d02083","Form Templates","/sites/SoftwareSolutions663cfc3cccb846da99b4a9e046d02083/FormServerTemplates","0"
"https://7vhr6d.sharepoint.com/sites/SoftwareSolutions663cfc3cccb846da99b4a9e046d02083","KeyContacts","/sites/SoftwareSolutions663cfc3cccb846da99b4a9e046d02083/Lists/KeyContacts","3"
"https://7vhr6d.sharepoint.com/sites/SoftwareSolutions663cfc3cccb846da99b4a9e046d02083","Linux Applications","/sites/SoftwareSolutions663cfc3cccb846da99b4a9e046d02083/Lists/Linux Applications","33"
"https://7vhr6d.sharepoint.com/sites/SoftwareSolutions663cfc3cccb846da99b4a9e046d02083","List Template Gallery","/sites/SoftwareSolutions663cfc3cccb846da99b4a9e046d02083/_catalogs/lt","0"
"https://7vhr6d.sharepoint.com/sites/SoftwareSolutions663cfc3cccb846da99b4a9e046d02083","Master Page Gallery","/sites/SoftwareSolutions663cfc3cccb846da99b4a9e046d02083/_catalogs/masterpage","175"
"https://7vhr6d.sharepoint.com/sites/SoftwareSolutions663cfc3cccb846da99b4a9e046d02083","Old Project Issues List (Do not Use)","/sites/SoftwareSolutions663cfc3cccb846da99b4a9e046d02083/Lists/Old Project Issues List Do not Use","28"
"https://7vhr6d.sharepoint.com/sites/SoftwareSolutions663cfc3cccb846da99b4a9e046d02083","Project Task List","/sites/SoftwareSolutions663cfc3cccb846da99b4a9e046d02083/Lists/Project Task List","100"
"https://7vhr6d.sharepoint.com/sites/SoftwareSolutions663cfc3cccb846da99b4a9e046d02083","Projects","/sites/SoftwareSolutions663cfc3cccb846da99b4a9e046d02083/Lists/Projects","7"
"https://7vhr6d.sharepoint.com/sites/SoftwareSolutions663cfc3cccb846da99b4a9e046d02083","SecondaryMenu","/sites/SoftwareSolutions663cfc3cccb846da99b4a9e046d02083/Lists/SecondaryMenu","18"
"https://7vhr6d.sharepoint.com/sites/SoftwareSolutions663cfc3cccb846da99b4a9e046d02083","Services","/sites/SoftwareSolutions663cfc3cccb846da99b4a9e046d02083/Lists/Services","4"
"https://7vhr6d.sharepoint.com/sites/SoftwareSolutions663cfc3cccb846da99b4a9e046d02083","Services Second Stack","/sites/SoftwareSolutions663cfc3cccb846da99b4a9e046d02083/Lists/Services Second Stack","3"
"https://7vhr6d.sharepoint.com/sites/SoftwareSolutions663cfc3cccb846da99b4a9e046d02083","Site Assets","/sites/SoftwareSolutions663cfc3cccb846da99b4a9e046d02083/SiteAssets","7"
"https://7vhr6d.sharepoint.com/sites/SoftwareSolutions663cfc3cccb846da99b4a9e046d02083","Site Pages","/sites/SoftwareSolutions663cfc3cccb846da99b4a9e046d02083/SitePages","42"
"https://7vhr6d.sharepoint.com/sites/SoftwareSolutions663cfc3cccb846da99b4a9e046d02083","Solution Gallery","/sites/SoftwareSolutions663cfc3cccb846da99b4a9e046d02083/_catalogs/solutions","0"
"https://7vhr6d.sharepoint.com/sites/SoftwareSolutions663cfc3cccb846da99b4a9e046d02083","Style Library","/sites/SoftwareSolutions663cfc3cccb846da99b4a9e046d02083/Style Library","0"
"https://7vhr6d.sharepoint.com/sites/SoftwareSolutions663cfc3cccb846da99b4a9e046d02083","SWSolContacts","/sites/SoftwareSolutions663cfc3cccb846da99b4a9e046d02083/Lists/SWSolContacts","14"
"https://7vhr6d.sharepoint.com/sites/SoftwareSolutions663cfc3cccb846da99b4a9e046d02083","TaxonomyHiddenList","/sites/SoftwareSolutions663cfc3cccb846da99b4a9e046d02083/Lists/TaxonomyHiddenList","0"
"https://7vhr6d.sharepoint.com/sites/SoftwareSolutions663cfc3cccb846da99b4a9e046d02083","Theme Gallery","/sites/SoftwareSolutions663cfc3cccb846da99b4a9e046d02083/_catalogs/theme","41"
"https://7vhr6d.sharepoint.com/sites/SoftwareSolutions663cfc3cccb846da99b4a9e046d02083","User Information List","/sites/SoftwareSolutions663cfc3cccb846da99b4a9e046d02083/_catalogs/users","13"
"https://7vhr6d.sharepoint.com/sites/SoftwareSolutions663cfc3cccb846da99b4a9e046d02083","Web Part Gallery","/sites/SoftwareSolutions663cfc3cccb846da99b4a9e046d02083/_catalogs/wp","23"
"https://7vhr6d.sharepoint.com/sites/SoftwareSolutions663cfc3cccb846da99b4a9e046d02083","WebpartProperty","/sites/SoftwareSolutions663cfc3cccb846da99b4a9e046d02083/Lists/WebpartProperty","17"
"https://7vhr6d.sharepoint.com/sites/U.S.Sales","appdata","/sites/U.S.Sales/_catalogs/appdata","0"
"https://7vhr6d.sharepoint.com/sites/U.S.Sales","appfiles","/sites/U.S.Sales/_catalogs/appfiles","0"
"https://7vhr6d.sharepoint.com/sites/U.S.Sales","Composed Looks","/sites/U.S.Sales/_catalogs/design","18"
"https://7vhr6d.sharepoint.com/sites/U.S.Sales","Converted Forms","/sites/U.S.Sales/IWConvertedForms","0"
"https://7vhr6d.sharepoint.com/sites/U.S.Sales","Documents","/sites/U.S.Sales/Shared Documents","0"
"https://7vhr6d.sharepoint.com/sites/U.S.Sales","Form Templates","/sites/U.S.Sales/FormServerTemplates","0"
"https://7vhr6d.sharepoint.com/sites/U.S.Sales","List Template Gallery","/sites/U.S.Sales/_catalogs/lt","0"
"https://7vhr6d.sharepoint.com/sites/U.S.Sales","Master Page Gallery","/sites/U.S.Sales/_catalogs/masterpage","175"
"https://7vhr6d.sharepoint.com/sites/U.S.Sales","Site Pages","/sites/U.S.Sales/SitePages","1"
"https://7vhr6d.sharepoint.com/sites/U.S.Sales","Solution Gallery","/sites/U.S.Sales/_catalogs/solutions","0"
"https://7vhr6d.sharepoint.com/sites/U.S.Sales","Style Library","/sites/U.S.Sales/Style Library","0"
"https://7vhr6d.sharepoint.com/sites/U.S.Sales","TaxonomyHiddenList","/sites/U.S.Sales/Lists/TaxonomyHiddenList","0"
"https://7vhr6d.sharepoint.com/sites/U.S.Sales","Theme Gallery","/sites/U.S.Sales/_catalogs/theme","41"
"https://7vhr6d.sharepoint.com/sites/U.S.Sales","User Information List","/sites/U.S.Sales/_catalogs/users","11"
"https://7vhr6d.sharepoint.com/sites/U.S.Sales","Web Part Gallery","/sites/U.S.Sales/_catalogs/wp","23"
"https://7vhr6d.sharepoint.com/sites/UVM-devops-DEV","appdata","/sites/UVM-devops-DEV/_catalogs/appdata","0"
"https://7vhr6d.sharepoint.com/sites/UVM-devops-DEV","appfiles","/sites/UVM-devops-DEV/_catalogs/appfiles","0"
"https://7vhr6d.sharepoint.com/sites/UVM-devops-DEV","Composed Looks","/sites/UVM-devops-DEV/_catalogs/design","18"
"https://7vhr6d.sharepoint.com/sites/UVM-devops-DEV","Contacts","/sites/UVM-devops-DEV/Lists/Contacts","0"
"https://7vhr6d.sharepoint.com/sites/UVM-devops-DEV","Documents","/sites/UVM-devops-DEV/Shared Documents","0"
"https://7vhr6d.sharepoint.com/sites/UVM-devops-DEV","FAQ","/sites/UVM-devops-DEV/Lists/FAQ","4"
"https://7vhr6d.sharepoint.com/sites/UVM-devops-DEV","Featured Links","/sites/UVM-devops-DEV/Lists/Featured Links","5"
"https://7vhr6d.sharepoint.com/sites/UVM-devops-DEV","Form Templates","/sites/UVM-devops-DEV/FormServerTemplates","0"
"https://7vhr6d.sharepoint.com/sites/UVM-devops-DEV","KeyContacts","/sites/UVM-devops-DEV/Lists/KeyContacts","3"
"https://7vhr6d.sharepoint.com/sites/UVM-devops-DEV","List Template Gallery","/sites/UVM-devops-DEV/_catalogs/lt","0"
"https://7vhr6d.sharepoint.com/sites/UVM-devops-DEV","Master Page Gallery","/sites/UVM-devops-DEV/_catalogs/masterpage","175"
"https://7vhr6d.sharepoint.com/sites/UVM-devops-DEV","OnCallFAQ","/sites/UVM-devops-DEV/Lists/OnCallFAQ","7"
"https://7vhr6d.sharepoint.com/sites/UVM-devops-DEV","SecondaryMenu","/sites/UVM-devops-DEV/Lists/SecondaryMenu","2"
"https://7vhr6d.sharepoint.com/sites/UVM-devops-DEV","Services","/sites/UVM-devops-DEV/Lists/Services","3"
"https://7vhr6d.sharepoint.com/sites/UVM-devops-DEV","Site Assets","/sites/UVM-devops-DEV/SiteAssets","1"
"https://7vhr6d.sharepoint.com/sites/UVM-devops-DEV","Site Pages","/sites/UVM-devops-DEV/SitePages","5"
"https://7vhr6d.sharepoint.com/sites/UVM-devops-DEV","Solution Gallery","/sites/UVM-devops-DEV/_catalogs/solutions","0"
"https://7vhr6d.sharepoint.com/sites/UVM-devops-DEV","Style Library","/sites/UVM-devops-DEV/Style Library","0"
"https://7vhr6d.sharepoint.com/sites/UVM-devops-DEV","TaxonomyHiddenList","/sites/UVM-devops-DEV/Lists/TaxonomyHiddenList","0"
"https://7vhr6d.sharepoint.com/sites/UVM-devops-DEV","Theme Gallery","/sites/UVM-devops-DEV/_catalogs/theme","41"
"https://7vhr6d.sharepoint.com/sites/UVM-devops-DEV","User Information List","/sites/UVM-devops-DEV/_catalogs/users","13"
"https://7vhr6d.sharepoint.com/sites/UVM-devops-DEV","Web Part Gallery","/sites/UVM-devops-DEV/_catalogs/wp","23"
"https://7vhr6d.sharepoint.com/sites/UVM-devops-DEV","WebpartProperty","/sites/UVM-devops-DEV/Lists/WebpartProperty","10"
